Month;#Commits
2013-09;18
2013-10;0
2013-11;0
2013-12;0
2014-01;0
2014-02;1
2014-03;12
2014-04;9
2014-05;17
2014-06;0
2014-07;0
2014-08;0
2014-09;7
2014-10;10
2014-11;76
2014-12;31
2015-01;1
2015-02;0
2015-03;0
2015-04;0
2015-05;4
2015-06;1
2015-07;0
2015-08;4
2015-09;14
2015-10;12
2015-11;23
2015-12;28
2016-01;14
2016-02;54
2016-03;8
2016-04;11
2016-05;30
2016-06;61
2016-07;90
2016-08;31
2016-09;41
2016-10;63
2016-11;73
2016-12;2
2017-01;35
2017-02;101
2017-03;25
2017-04;41
2017-05;23
2017-06;90
2017-07;54
2017-08;142
2017-09;79
2017-10;42
2017-11;78
2017-12;82
2018-01;166
2018-02;76
2018-03;64
2018-04;71
2018-05;45
2018-06;155
2018-07;48
2018-08;201
2018-09;89
2018-10;106
2018-11;114
2018-12;76
2019-01;119
2019-02;100
2019-03;136
2019-04;166
2019-05;65
2019-06;41
2019-07;78
2019-08;63
2019-09;129
2019-10;203
2019-11;173
2019-12;119
2020-01;147
2020-02;198
2020-03;291
2020-04;95
2020-05;163
2020-06;173
2020-07;227
2020-08;166
2020-09;178
2020-10;121
2020-11;276
2020-12;45
2021-01;334
2021-02;159
2021-03;143
2021-04;179
2021-05;133
2021-06;184
2021-07;100
2021-08;168
2021-09;210
2021-10;245
2021-11;114
2021-12;113
2022-01;197
2022-02;193
2022-03;127
2022-04;77
2022-05;142
2022-06;76
2022-07;30
2022-08;41
2022-09;104
2022-10;268
2022-11;55
2022-12;93
2023-01;157
2023-02;114
2023-03;235
2023-04;101
2023-05;138
2023-06;145
2023-07;76
2023-08;211
2023-09;154
2023-10;131
2023-11;161
2023-12;129
2024-01;182
2024-02;69
2024-03;105
2024-04;246
2024-05;191
2024-06;36
2024-07;70
2024-08;67
2024-09;97
2024-10;56
2024-11;62
2024-12;128
2025-01;162
2025-02;180
2025-03;251
2025-04;160
2025-05;96
2025-06;47
2025-07;72
2025-08;127
2025-09;163
2025-10;215
2025-11;83
